task_id	sample_no	task	true_result	model_result	accuracy	in_accuracy
1	1	"John travelled to the hallway.
Mary journeyed to the bathroom.
Where is John?"	hallway	hallway.	0.0	0.64
1	1	" 
Daniel went back to the bathroom.
John moved to the bedroom.
Where is Mary?"	bathroom	bathroom.
1	1	" 
John went to the hallway.
Sandra journeyed to the kitchen.
Where is Sandra?"	kitchen	kitchen.
1	1	" 
Sandra travelled to the hallway.
John went to the garden.
Where is Sandra?"	hallway	hallway.
1	1	" 
Sandra went back to the bathroom.
Sandra moved to the kitchen.
Where is Sandra?"	kitchen	kitchen.
1	2	"Sandra travelled to the kitchen.
Sandra travelled to the hallway.
Where is Sandra?"	hallway	according to the context sentences, sandra is in the hallway.
1	2	" 
Mary went to the bathroom.
Sandra moved to the garden.
Where is Sandra?"	garden	according to the context sentences, sandra is in the garden.
1	2	" 
Sandra travelled to the office.
Daniel journeyed to the hallway.
Where is Daniel?"	hallway	the context sentences do not mention daniel's location, only sandra
1	2	" 
Daniel journeyed to the office.
John moved to the hallway.
Where is Sandra?"	office	according to the context sentences, sandra is in the garden.
1	2	" 
John travelled to the bathroom.
John journeyed to the office.
Where is Daniel?"	office	the context sentences do not mention daniel's location, only john
1	3	"John travelled to the office.
Mary journeyed to the kitchen.
Where is Mary?"	kitchen	according to the context sentence, mary is already in the kitchen
1	3	" 
Mary moved to the garden.
Daniel went to the office.
Where is Mary?"	garden	according to the context sentence, mary is in the garden.
1	3	" 
John went to the hallway.
Mary moved to the kitchen.
Where is Daniel?"	office	according to the context sentence, daniel is still at the office
1	3	" 
Mary travelled to the bedroom.
Daniel journeyed to the garden.
Where is Mary?"	bedroom	according to the context sentence, mary is in the bedroom.
1	3	" 
John journeyed to the garden.
Sandra journeyed to the bedroom.
Where is Mary?"	bedroom	according to the context sentence, mary is still in the bedroom
1	4	"John moved to the hallway.
John journeyed to the kitchen.
Where is John?"	kitchen	according to the context sentences, john is in the hallway.
1	4	" 
Sandra travelled to the garden.
John journeyed to the garden.
Where is John?"	garden	according to the context sentences, john is in the garden.
1	4	" 
Daniel journeyed to the office.
John went to the kitchen.
Where is John?"	kitchen	according to the context sentences, john is in the kitchen.
1	4	" 
Sandra journeyed to the hallway.
Mary went to the hallway.
Where is Daniel?"	office	according to the context sentences, we don't have any information
1	4	" 
Mary went to the kitchen.
Sandra travelled to the garden.
Where is John?"	kitchen	according to the context sentences, we don't have any information
1	5	"Mary journeyed to the kitchen.
Mary travelled to the hallway.
Where is Mary?"	hallway	according to the context sentences, mary is in the kitchen.
1	5	" 
Sandra moved to the office.
John journeyed to the office.
Where is John?"	office	according to the context sentences, john is in the office.
1	5	" 
Sandra travelled to the hallway.
Daniel went back to the bathroom.
Where is John?"	office	according to the context sentences, we know that john journeyed
1	5	" 
Mary travelled to the garden.
Daniel moved to the bedroom.
Where is Sandra?"	hallway	according to the context sentences, sandra moved to the office.
1	5	" 
John went to the garden.
Sandra travelled to the office.
Where is Daniel?"	bedroom	according to the context sentences, daniel is in the bedroom.
2	1	"Mary got the milk there.
John moved to the bedroom.
Sandra went back to the kitchen.
Mary travelled to the hallway.
Where is the milk?"	hallway	"according to the context sentences, mary got the milk ""there"	0.0	0.0
2	1	" 
John got the football there.
John went to the hallway.
Where is the football?"	hallway	"according to the context sentences, john got the football ""there"
2	1	" 
John put down the football.
Mary went to the garden.
Where is the football?"	hallway	according to the context sentences, john put down the football,
2	1	" 
John went to the kitchen.
Sandra travelled to the hallway.
Where is the football?"	hallway	according to the context sentences, john put down the football,
2	1	" 
Daniel went to the hallway.
Mary discarded the milk.
Where is the milk?"	garden	according to the context sentences, mary discarded the milk, so
2	2	"Mary journeyed to the bathroom.
Sandra went to the garden.
Daniel went back to the garden.
Daniel went to the office.
Sandra grabbed the milk there.
Sandra put down the milk there.
Where is the milk?"	garden	based on the context sentences, sandra put down the milk in
2	2	" 
Daniel went to the hallway.
Sandra got the milk there.
Daniel went to the garden.
Daniel journeyed to the kitchen.
Daniel journeyed to the bedroom.
Mary journeyed to the garden.
Daniel took the football there.
Mary moved to the office.
Sandra travelled to the bedroom.
Daniel dropped the football.
Where is the football?"	bedroom	based on the context sentences, daniel dropped the football in
2	2	" 
Sandra left the milk there.
Daniel grabbed the football there.
Where is the milk?"	bedroom	based on the context sentences, sandra left the milk in
2	2	" 
Sandra grabbed the milk there.
Daniel went to the kitchen.
Where is the football?"	kitchen	based on the context sentences, daniel grabbed the football there,
2	2	" 
John travelled to the kitchen.
Mary moved to the hallway.
Where is the football?"	kitchen	there is no information about the football in the sentences about john
2	3	"Mary picked up the apple there.
Mary dropped the apple.
Daniel went back to the garden.
Mary journeyed to the office.
John got the football there.
Mary went back to the kitchen.
Daniel picked up the milk there.
John travelled to the bedroom.
Where is the football?"	bedroom	"according to the context sentences, the football is ""there"","
2	3	" 
John moved to the hallway.
John discarded the football.
Where is the football?"	hallway	according to the context sentences, the football is not there anymore
2	3	" 
Daniel dropped the milk.
John got the football there.
Where is the milk?"	garden	according to the context sentences, the milk is not specified to
2	3	" 
Mary journeyed to the garden.
Daniel travelled to the bathroom.
Where is the milk?"	garden	according to the context sentences, the milk is still not specified
2	3	" 
Sandra journeyed to the bathroom.
Mary went to the bathroom.
Mary took the apple there.
Mary dropped the apple.
Where is the apple?"	bathroom	"according to the context sentences, the apple is ""there"","
2	4	"Daniel journeyed to the office.
John took the football there.
John discarded the football.
John travelled to the garden.
Daniel travelled to the garden.
Sandra went to the garden.
Daniel travelled to the kitchen.
Daniel moved to the office.
Mary grabbed the milk there.
Daniel journeyed to the bedroom.
John travelled to the office.
Daniel travelled to the bathroom.
John travelled to the kitchen.
Mary travelled to the garden.
Mary dropped the milk.
John went back to the garden.
Where is the milk?"	garden	according to the context sentences, mary grabbed the milk in the
2	4	" 
Sandra got the milk there.
Sandra put down the milk.
Where is the milk?"	garden	according to the context sentences, sandra put down the milk,
2	4	" 
Mary went back to the bathroom.
Mary travelled to the bedroom.
Where is the milk?"	garden	according to the context sentences, mary put down the milk,
2	4	" 
John got the milk there.
Daniel went back to the office.
Daniel moved to the kitchen.
Daniel grabbed the apple there.
John left the milk.
Daniel discarded the apple.
Where is the apple?"	kitchen	according to the context sentences, daniel grabbed the apple in the
2	4	" 
John picked up the milk there.
Daniel went to the hallway.
Where is the apple?"	kitchen	according to the context sentences, daniel discarded the apple, so
2	5	"Mary moved to the kitchen.
Mary travelled to the office.
Daniel grabbed the football there.
Mary moved to the hallway.
Sandra moved to the bedroom.
Mary went back to the bedroom.
John grabbed the milk there.
John put down the milk.
Daniel journeyed to the bathroom.
Sandra journeyed to the bathroom.
John got the milk there.
Mary took the apple there.
Mary left the apple.
John journeyed to the bedroom.
Where is the apple?"	bedroom	according to the context sentences, mary left the apple, and
2	5	" 
Mary travelled to the office.
Daniel put down the football.
Where is the apple?"	bedroom	since mary left the apple, and she travelled to the office
2	5	" 
John went back to the kitchen.
Sandra got the football there.
John travelled to the hallway.
Sandra discarded the football there.
Where is the football?"	bathroom	according to the context sentences, sandra discarded the football in the
2	5	" 
John left the milk.
John grabbed the milk there.
Where is the football?"	bathroom	the context sentences don't mention the football being in the location
2	5	" 
Mary went to the hallway.
John moved to the bedroom.
Where is the milk?"	bedroom	according to the context sentences, john left the milk, and
3	1	"Mary got the milk.
John moved to the bedroom.
Daniel journeyed to the office.
John grabbed the apple there.
John got the football.
John journeyed to the garden.
Mary left the milk.
John left the football.
Daniel moved to the garden.
Daniel grabbed the football.
Mary moved to the hallway.
Mary went to the kitchen.
John put down the apple there.
John picked up the apple.
Sandra moved to the hallway.
Daniel left the football there.
Daniel took the football.
John travelled to the kitchen.
Daniel dropped the football.
John dropped the apple.
John grabbed the apple.
John went to the office.
Sandra went back to the bedroom.
Sandra took the milk.
John journeyed to the bathroom.
John travelled to the office.
Sandra left the milk.
Mary went to the bedroom.
Mary moved to the office.
John travelled to the hallway.
Sandra moved to the garden.
Mary moved to the kitchen.
Daniel took the football.
Mary journeyed to the bedroom.
Mary grabbed the milk there.
Mary discarded the milk.
John went to the garden.
John discarded the apple there.
Where was the apple before the bathroom?"	office	according to the context sentences, before john journeyed to the	0.0	0.0
3	1	" 
Sandra travelled to the bedroom.
Daniel moved to the bathroom.
Where was the apple before the hallway?"	office	according to the context sentences, before john travelled to the hallway
3	1	" 
Sandra got the milk.
Daniel travelled to the garden.
Where was the apple before the hallway?"	office	according to the context sentences, before john travelled to the hallway
3	1	" 
Sandra went back to the bathroom.
Daniel took the apple there.
Mary went back to the hallway.
Daniel went to the hallway.
Sandra went to the kitchen.
Mary journeyed to the bedroom.
Sandra journeyed to the hallway.
Daniel put down the apple.
Daniel put down the football there.
Sandra journeyed to the garden.
Where was the football before the garden?"	bathroom	according to the context sentences, before sandra journeyed to the
3	1	" 
Mary travelled to the office.
Sandra dropped the milk.
Where was the football before the garden?"	bathroom	according to the context sentences, before sandra journeyed to the
3	2	"John went back to the kitchen.
Daniel picked up the milk.
Sandra went back to the bedroom.
Mary moved to the garden.
Sandra got the apple.
Mary journeyed to the office.
Mary journeyed to the garden.
Sandra went to the hallway.
Daniel moved to the bedroom.
Sandra grabbed the football.
Daniel discarded the milk.
John journeyed to the garden.
John went to the hallway.
Mary journeyed to the office.
John journeyed to the bedroom.
Sandra moved to the garden.
John travelled to the garden.
Daniel grabbed the milk.
Mary journeyed to the bathroom.
Daniel dropped the milk.
Daniel went to the office.
Daniel travelled to the garden.
John went back to the bedroom.
Sandra discarded the football.
Mary went back to the hallway.
John journeyed to the garden.
Daniel went back to the hallway.
John went to the bedroom.
Sandra travelled to the bathroom.
John moved to the hallway.
Daniel travelled to the kitchen.
Daniel journeyed to the bedroom.
John journeyed to the office.
Mary travelled to the garden.
Daniel went to the hallway.
Daniel went to the garden.
Daniel travelled to the hallway.
Mary journeyed to the bathroom.
John travelled to the kitchen.
Sandra dropped the apple.
Where was the apple before the bathroom?"	garden	according to the context sentences, sandra got the apple before any
3	2	" 
Sandra grabbed the apple there.
Mary went to the office.
Sandra left the apple there.
Daniel went to the bedroom.
Sandra went back to the bedroom.
Mary travelled to the hallway.
Mary went to the office.
Sandra took the milk.
Mary went to the bathroom.
John moved to the bathroom.
Daniel moved to the kitchen.
Mary grabbed the apple.
Daniel moved to the office.
Sandra went to the kitchen.
Sandra went back to the office.
Mary dropped the apple.
Sandra dropped the milk.
John went to the kitchen.
Where was the milk before the office?"	kitchen	according to the context sentences, daniel picked up the milk initially
3	2	" 
Daniel grabbed the milk.
Mary picked up the apple.
Sandra went back to the hallway.
Daniel journeyed to the hallway.
John moved to the bedroom.
John went to the bathroom.
Daniel discarded the milk there.
Mary moved to the kitchen.
Mary journeyed to the office.
Daniel got the milk.
John moved to the garden.
Sandra travelled to the kitchen.
Mary put down the apple.
John took the football.
Where was the apple before the office?"	kitchen	according to the context sentences, mary picked up the apple initially
3	2	" 
Sandra travelled to the garden.
Sandra travelled to the bedroom.
Where was the apple before the office?"	kitchen	according to the context sentences, mary put down the apple before
3	2	" 
Mary got the apple.
Sandra travelled to the hallway.
Mary put down the apple there.
Mary grabbed the apple.
Mary moved to the bedroom.
Daniel left the milk.
Daniel got the milk there.
John left the football.
John moved to the bathroom.
Mary went to the office.
John went back to the office.
John went back to the bathroom.
Mary dropped the apple.
Sandra went to the kitchen.
Where was the apple before the office?"	bedroom	according to the context sentences, mary put down the apple in
3	3	"Sandra moved to the bathroom.
John picked up the football.
John dropped the football.
Daniel went to the kitchen.
Daniel got the apple.
John went to the kitchen.
Mary went back to the hallway.
Daniel travelled to the office.
John travelled to the garden.
John journeyed to the kitchen.
Mary moved to the kitchen.
Daniel moved to the garden.
Mary journeyed to the bathroom.
Daniel grabbed the milk.
Mary went to the hallway.
Mary got the football there.
Mary dropped the football.
Sandra moved to the bedroom.
Mary went back to the office.
John travelled to the office.
Mary went back to the bathroom.
John moved to the hallway.
Sandra went to the office.
Mary journeyed to the kitchen.
Sandra travelled to the garden.
John went back to the garden.
Sandra went back to the office.
Mary went to the hallway.
Daniel went to the bedroom.
Mary picked up the football there.
John travelled to the kitchen.
Mary moved to the bedroom.
Sandra went to the bathroom.
Daniel put down the milk.
Daniel discarded the apple.
Mary took the milk.
Where was the apple before the bedroom?"	garden	according to the context sentences, daniel got the apple in the
3	3	" 
Daniel went to the office.
Mary dropped the milk.
Where was the apple before the bedroom?"	garden	according to the context sentences, daniel got the apple in the
3	3	" 
Mary discarded the football.
John went back to the garden.
Sandra went to the bedroom.
Daniel travelled to the bathroom.
Sandra picked up the milk.
Sandra moved to the hallway.
Sandra dropped the milk.
Sandra took the milk.
Sandra discarded the milk.
Sandra got the milk.
Mary got the football.
Sandra journeyed to the garden.
Daniel went back to the hallway.
John moved to the kitchen.
Sandra went back to the bathroom.
Mary got the apple.
Daniel moved to the kitchen.
Mary put down the football.
John journeyed to the garden.
Daniel went to the bedroom.
Mary left the apple.
Daniel took the apple.
John moved to the hallway.
Sandra put down the milk.
Where was the milk before the bathroom?"	garden	according to the context sentences, sandra picked up the milk in
3	3	" 
Daniel dropped the apple there.
Sandra moved to the kitchen.
Where was the milk before the bathroom?"	garden	according to the context sentences, sandra got the milk in the
3	3	" 
Mary journeyed to the office.
John travelled to the office.
Where was the milk before the bathroom?"	garden	according to the context sentences, sandra picked up the milk in
3	4	"Daniel moved to the bathroom.
John got the football.
Sandra grabbed the milk.
Sandra put down the milk.
Daniel journeyed to the bedroom.
Sandra took the milk.
Sandra put down the milk there.
John put down the football.
Mary travelled to the hallway.
John took the football.
Sandra went back to the office.
Mary moved to the garden.
Daniel moved to the garden.
Daniel went back to the office.
Sandra journeyed to the hallway.
Mary went to the office.
Sandra went back to the office.
Sandra moved to the bathroom.
John dropped the football.
Sandra got the football.
Sandra left the football there.
Daniel moved to the bedroom.
Daniel journeyed to the office.
John went back to the office.
Sandra got the football.
Sandra discarded the football.
Mary travelled to the bathroom.
Mary got the football.
Mary went back to the kitchen.
Mary journeyed to the garden.
Where was the football before the garden?"	kitchen	according to the context sentences, before the garden, the football
3	4	" 
Mary journeyed to the bedroom.
Mary took the milk.
Where was the football before the garden?"	kitchen	according to the context sentences, before the garden, the football
3	4	" 
John went to the kitchen.
Mary travelled to the garden.
John grabbed the apple.
John discarded the apple.
John travelled to the garden.
Mary went to the bedroom.
Mary discarded the milk.
John went back to the office.
Where was the milk before the bedroom?"	garden	according to the context sentences, before the bedroom, the milk
3	4	" 
Mary went back to the bathroom.
Mary journeyed to the garden.
Where was the milk before the bedroom?"	garden	according to the context sentences, before the bedroom, the milk
3	4	" 
Daniel journeyed to the kitchen.
John went back to the garden.
Daniel grabbed the apple.
John went to the hallway.
Mary went back to the office.
Mary left the football.
Where was the football before the bathroom?"	bedroom	according to the context sentences, before the bathroom, the football
3	5	"John took the football.
Daniel went back to the garden.
Mary moved to the bathroom.
Mary went to the bedroom.
Mary went to the hallway.
John dropped the football.
Daniel journeyed to the hallway.
Sandra grabbed the football.
John moved to the office.
Sandra put down the football.
Sandra took the football.
Daniel went to the bedroom.
Mary moved to the office.
Mary journeyed to the bedroom.
Mary grabbed the apple there.
Sandra went back to the kitchen.
Sandra picked up the milk there.
Mary discarded the apple.
John went back to the bathroom.
Mary got the apple.
Mary left the apple.
Mary took the apple.
Mary put down the apple.
Sandra put down the milk.
Daniel went to the kitchen.
Sandra journeyed to the office.
Sandra journeyed to the bedroom.
John moved to the garden.
Sandra journeyed to the garden.
Mary got the apple.
Mary discarded the apple.
Mary travelled to the hallway.
Daniel went to the garden.
Sandra went back to the hallway.
Sandra travelled to the garden.
Sandra went back to the office.
Daniel went to the bathroom.
Sandra dropped the football.
Where was the football before the hallway?"	garden	according to the context sentences, before sandra went to the hallway
3	5	" 
Mary went back to the kitchen.
Mary went back to the hallway.
Where was the football before the office?"	garden	according to the context sentences, before john moved to the office
3	5	" 
Sandra went back to the hallway.
Mary journeyed to the bathroom.
Where was the football before the garden?"	hallway	according to the context sentences, before john moved to the garden
3	5	" 
John travelled to the bathroom.
Sandra journeyed to the office.
John went to the bedroom.
Sandra went back to the bedroom.
John took the apple.
John went to the office.
Sandra travelled to the kitchen.
John put down the apple.
Daniel travelled to the bedroom.
John journeyed to the bedroom.
John went to the garden.
Daniel went to the hallway.
Daniel went to the office.
Sandra grabbed the milk there.
Mary went to the garden.
Sandra went back to the office.
John travelled to the office.
Sandra journeyed to the kitchen.
Where was the milk before the kitchen?"	office	according to the context sentences, sandra picked up the milk in
3	5	" 
Daniel went to the garden.
John grabbed the football.
Sandra went to the bedroom.
John grabbed the apple.
Daniel went back to the bathroom.
Daniel went back to the office.
Mary moved to the hallway.
Mary travelled to the kitchen.
John discarded the football.
John dropped the apple.
Mary went to the hallway.
John grabbed the apple.
John got the football.
Sandra put down the milk.
Where was the milk before the bedroom?"	kitchen	according to the context sentences, sandra grabbed the milk in
4	1	"The hallway is east of the bathroom.
The bedroom is west of the bathroom.
What is the bathroom east of?"	bedroom	according to the context sentences, the hallway is east of the	0.0	0.8
4	2	"The bedroom is west of the kitchen.
The hallway is west of the bedroom.
What is west of the kitchen?"	bedroom	according to the context sentences, the bedroom is west of the
4	3	"The bathroom is north of the garden.
The hallway is north of the bathroom.
What is north of the garden?"	bathroom	according to the context sentences, the bathroom is north of the
4	4	"The kitchen is south of the bathroom.
The bedroom is south of the kitchen.
What is south of the kitchen?"	bedroom	according to the context sentences, the bedroom is south of the
4	5	"The bedroom is east of the kitchen.
The office is east of the bedroom.
What is east of the kitchen?"	bedroom	according to the context sentences, the bedroom is east of the
5	1	"Fred picked up the football there.
Fred gave the football to Jeff.
What did Fred give to Jeff?"	football	the football.	0.0	0.32
5	1	" 
Bill went back to the bathroom.
Jeff grabbed the milk there.
Who gave the football to Jeff?"	Fred	fred gave the football to jeff.
5	1	" 
Jeff gave the football to Fred.
Fred handed the football to Jeff.
What did Fred give to Jeff?"	football	the football.
5	1	" 
Jeff handed the football to Fred.
Fred gave the football to Jeff.
Who did Fred give the football to?"	Jeff	fred gave the football to jeff.
5	1	" 
Jeff gave the football to Fred.
Jeff put down the milk.
Who did Jeff give the football to?"	Fred	jeff gave the football to fred.
5	2	"Mary moved to the hallway.
Jeff moved to the garden.
Jeff got the apple there.
Mary journeyed to the kitchen.
Fred travelled to the garden.
Jeff gave the apple to Fred.
Who gave the apple?"	Jeff	according to the context sentences, jeff gave the apple to fred
5	2	" 
Fred travelled to the hallway.
Fred handed the apple to Bill.
Who received the apple?"	Bill	according to the context sentences, bill received the apple.
5	2	" 
Bill handed the apple to Fred.
Mary got the football there.
What did Bill give to Fred?"	apple	according to the context sentences, bill gave the apple to fred
5	2	" 
Fred handed the apple to Bill.
Bill gave the apple to Fred.
What did Bill give to Fred?"	apple	according to the context sentences, bill gave the apple to fred
5	2	" 
Mary travelled to the bedroom.
Mary took the milk there.
Who received the apple?"	Fred	there is no mention of an apple in the context sentences.
5	3	"Fred journeyed to the bedroom.
Fred got the milk there.
Fred went back to the kitchen.
Bill picked up the football there.
Fred handed the milk to Mary.
Mary moved to the garden.
Who received the milk?"	Mary	according to the context sentences, fred handed the milk to mary
5	3	" 
Bill dropped the football.
Mary gave the milk to Bill.
What did Mary give to Bill?"	milk	according to the context sentences, mary gave the milk to bill
5	3	" 
Bill handed the milk to Mary.
Mary passed the milk to Bill.
Who received the milk?"	Bill	according to the context sentences, bill received the milk.
5	3	" 
Jeff went to the garden.
Jeff journeyed to the kitchen.
Who did Mary give the milk to?"	Bill	according to the context sentences, mary gave the milk to bill
5	3	" 
Jeff moved to the bedroom.
Bill picked up the football there.
What did Mary give to Bill?"	milk	according to the context sentences, mary gave the milk to bill
5	4	"Fred got the football there.
Fred travelled to the garden.
Fred passed the football to Jeff.
Mary went to the kitchen.
Who received the football?"	Jeff	according to the context sentences, jeff received the football.
5	4	" 
Jeff passed the football to Fred.
Fred handed the football to Jeff.
Who gave the football to Jeff?"	Fred	according to the context sentences, fred gave the football to jeff
5	4	" 
Mary grabbed the milk there.
Jeff journeyed to the kitchen.
What did Fred give to Jeff?"	football	according to the context sentences, fred gave the football to jeff
5	4	" 
Jeff moved to the garden.
Bill travelled to the bedroom.
Who received the football?"	Jeff	according to the context sentences, jeff received the football.
5	4	" 
Jeff put down the football.
Bill took the apple there.
Jeff went back to the bathroom.
Jeff journeyed to the office.
Fred grabbed the football there.
Fred left the football.
Fred moved to the bathroom.
Mary discarded the milk.
Fred travelled to the hallway.
Bill left the apple.
Fred moved to the bathroom.
Bill grabbed the apple there.
Bill dropped the apple there.
Mary picked up the milk there.
Bill travelled to the hallway.
Mary went back to the office.
Bill moved to the garden.
Mary passed the milk to Jeff.
Who gave the milk?"	Mary	according to the context sentences, mary gave the milk to jeff
5	5	"Fred travelled to the kitchen.
Bill travelled to the office.
Mary travelled to the office.
Jeff went back to the kitchen.
Bill travelled to the hallway.
Fred went to the bathroom.
Mary travelled to the hallway.
Mary travelled to the bedroom.
Fred journeyed to the hallway.
Mary moved to the bathroom.
Bill went back to the kitchen.
Bill went to the hallway.
Mary journeyed to the kitchen.
Mary went to the bathroom.
Jeff journeyed to the office.
Fred travelled to the garden.
Fred grabbed the football there.
Fred discarded the football.
Bill travelled to the kitchen.
Jeff went to the garden.
Jeff travelled to the bedroom.
Jeff moved to the garden.
Jeff grabbed the football there.
Jeff went back to the bedroom.
Jeff journeyed to the office.
Bill travelled to the hallway.
Jeff left the football.
Bill went to the bedroom.
Jeff got the milk there.
Mary went to the kitchen.
Bill went to the kitchen.
Jeff journeyed to the bathroom.
Bill went to the hallway.
Jeff dropped the milk.
Mary went to the hallway.
Mary went to the kitchen.
Fred travelled to the office.
Fred went back to the hallway.
Jeff got the milk there.
Fred travelled to the office.
Bill went to the garden.
Mary journeyed to the bathroom.
Fred went back to the bathroom.
Fred journeyed to the office.
Jeff passed the milk to Mary.
Fred grabbed the football there.
What did Jeff give to Mary?"	milk	according to the context, jeff gave the milk to mary.
5	5	" 
Mary passed the milk to Jeff.
Fred dropped the football.
Who gave the milk to Jeff?"	Mary	according to the context, mary passed the milk to jeff.
5	5	" 
Fred got the football there.
Bill went to the hallway.
Who gave the milk to Jeff?"	Mary	according to the context, mary passed the milk to jeff.
5	5	" 
Jeff dropped the milk.
Mary moved to the garden.
Jeff got the milk there.
Fred discarded the football.
Fred journeyed to the hallway.
Jeff discarded the milk.
Bill travelled to the bedroom.
Bill went back to the hallway.
Bill travelled to the office.
Jeff took the milk there.
Fred went to the office.
Fred travelled to the hallway.
Mary journeyed to the kitchen.
Bill grabbed the apple there.
Bill travelled to the bathroom.
Bill passed the apple to Jeff.
Who gave the apple to Jeff?"	Bill	according to the context, bill passed the apple to jeff.
5	5	" 
Jeff handed the apple to Bill.
Bill dropped the apple.
Who gave the apple?"	Jeff	according to the context, bill grabbed the apple and then passed
6	1	"Mary got the milk there.
John moved to the bedroom.
Is John in the kitchen?"	no	no, john is not in the kitchen.	0.0	0.76
6	1	" 
Mary discarded the milk.
John went to the garden.
Is John in the kitchen?"	no	no, john is not in the kitchen.
6	1	" 
Daniel moved to the bedroom.
Daniel went to the garden.
Is John in the garden?"	yes	no, john is not in the garden.
6	1	" 
Daniel travelled to the bathroom.
Sandra travelled to the bedroom.
Is Daniel in the bathroom?"	yes	no, daniel is not in the bathroom.
6	1	" 
Mary took the football there.
Sandra grabbed the milk there.
Is Daniel in the bedroom?"	no	yes, daniel is in the bedroom.
6	2	"Daniel went back to the kitchen.
Mary grabbed the apple there.
Is Daniel in the office?"	no	no, according to the context, daniel went back to the
6	2	" 
Daniel journeyed to the office.
John went back to the office.
Is Daniel in the hallway?"	no	no, according to the context, daniel journeyed to the
6	2	" 
Mary left the apple.
Daniel went to the hallway.
Is Daniel in the hallway?"	yes	yes, according to the context, daniel went to the hallway
6	2	" 
John went to the hallway.
Daniel picked up the milk there.
Is John in the kitchen?"	no	no, according to the context, john went to the hallway
6	2	" 
John grabbed the football there.
Mary got the apple there.
Is Daniel in the hallway?"	yes	yes, according to the context, daniel picked up the milk
6	3	"John moved to the hallway.
Sandra went to the bedroom.
Is John in the hallway?"	yes	yes, john is in the hallway.
6	3	" 
Sandra travelled to the garden.
John got the football there.
Is John in the bedroom?"	no	no, john is not in the bedroom.
6	3	" 
Daniel went back to the bedroom.
Mary moved to the bathroom.
Is Sandra in the garden?"	yes	yes, sandra is in the garden.
6	3	" 
Mary went to the kitchen.
Sandra went to the hallway.
Is Mary in the kitchen?"	yes	yes, mary is in the kitchen.
6	3	" 
Sandra travelled to the kitchen.
John dropped the football.
Is Mary in the kitchen?"	yes	yes, mary is in the kitchen.
6	4	"John journeyed to the hallway.
John got the apple there.
Is John in the hallway?"	yes	yes, john is in the hallway.
6	4	" 
Daniel journeyed to the hallway.
Daniel went back to the kitchen.
Is John in the hallway?"	yes	no, john is not in the hallway.
6	4	" 
John put down the apple.
Daniel went back to the garden.
Is Daniel in the kitchen?"	no	no, daniel is not in the kitchen.
6	4	" 
John travelled to the bedroom.
Sandra journeyed to the bedroom.
Is John in the bathroom?"	no	no, john is not in the bathroom.
6	4	" 
Sandra travelled to the bathroom.
John went to the office.
Is Daniel in the bedroom?"	no	no, daniel is not in the bedroom.
6	5	"Daniel grabbed the apple there.
Mary travelled to the bedroom.
Is Mary in the bedroom?"	yes	according to the context sentences, mary is in the kitchen,
6	5	" 
Sandra got the milk there.
Daniel moved to the hallway.
Is Mary in the kitchen?"	no	according to the context sentences, yes, mary is still in
6	5	" 
Daniel moved to the bathroom.
Mary took the football there.
Is Daniel in the bathroom?"	yes	according to the context sentences, yes, daniel is in the
6	5	" 
Daniel discarded the apple.
Sandra journeyed to the hallway.
Is Sandra in the bedroom?"	no	according to the context sentences, no, sandra is in the
6	5	" 
Sandra dropped the milk.
John went back to the hallway.
Is John in the bedroom?"	no	according to the context sentences, no, john is on the
7	1	"Mary got the milk there.
John moved to the bedroom.
How many objects is Mary carrying?"	one	according to the context, mary got the milk there, which	0.0	0.0
7	1	" 
Sandra went back to the bathroom.
John got the football there.
How many objects is Mary carrying?"	one	the question is still about mary, but the new information doesn
7	1	" 
Mary journeyed to the bathroom.
Mary gave the milk to Sandra.
How many objects is Mary carrying?"	none	according to the new information, mary gave the milk to sandra
7	1	" 
John went back to the bathroom.
John left the football.
How many objects is John carrying?"	none	according to the new information, john left the football, which
7	1	" 
Sandra gave the milk to John.
John journeyed to the garden.
How many objects is John carrying?"	one	according to the new information, sandra gave the milk to john
7	2	"Daniel took the milk there.
John moved to the hallway.
How many objects is Daniel carrying?"	one	the context sentences do not mention daniel carrying any objects, so
7	2	" 
Daniel left the milk.
Daniel journeyed to the office.
How many objects is Daniel carrying?"	none	"according to the sentence ""daniel took the milk there"", daniel"
7	2	" 
John went back to the office.
John went to the hallway.
How many objects is Daniel carrying?"	none	the question is asking about daniel, but the sentences only mention
7	2	" 
Mary travelled to the bedroom.
Mary got the football there.
How many objects is Mary carrying?"	one	"according to the sentence ""mary got the football there"", mary"
7	2	" 
Sandra went back to the kitchen.
Daniel moved to the kitchen.
How many objects is Mary carrying?"	one	the question is asking about mary, but the sentences only mention
7	3	"Sandra went to the hallway.
Sandra grabbed the apple there.
How many objects is Sandra carrying?"	one	according to the context, sandra is carrying 1 object,
7	3	" 
Daniel moved to the kitchen.
Sandra got the milk there.
How many objects is Sandra carrying?"	two	according to the context, sandra is still carrying 1 object
7	3	" 
Mary got the football there.
Sandra went back to the office.
How many objects is Mary carrying?"	one	according to the context, mary is carrying 1 object,
7	3	" 
Sandra put down the apple.
Daniel journeyed to the hallway.
How many objects is Sandra carrying?"	one	according to the context, sandra is not carrying any objects.
7	3	" 
Daniel went back to the kitchen.
Mary travelled to the hallway.
How many objects is Sandra carrying?"	one	according to the context, sandra is still not carrying any objects
7	4	"Sandra travelled to the bathroom.
Daniel journeyed to the bedroom.
Daniel went to the hallway.
Sandra journeyed to the hallway.
Daniel went back to the bedroom.
John moved to the garden.
Daniel journeyed to the hallway.
John grabbed the apple there.
How many objects is John carrying?"	one	according to the context, john grabbed the apple in the hallway
7	4	" 
John gave the apple to Mary.
Mary passed the apple to John.
How many objects is John carrying?"	one	since john gave the apple to mary and then mary passed it
7	4	" 
Mary journeyed to the hallway.
John dropped the apple there.
How many objects is John carrying?"	none	john dropped the apple, so he is not carrying any objects
7	4	" 
Sandra went to the garden.
Mary went to the kitchen.
How many objects is Mary carrying?"	none	there is no information about mary carrying any objects in the given
7	4	" 
Mary picked up the football there.
Mary picked up the milk there.
How many objects is Mary carrying?"	two	mary picked up the football and the milk, so she is
7	5	"John moved to the hallway.
Mary grabbed the milk there.
How many objects is Mary carrying?"	one	according to the context, mary is grabbing the milk, which
7	5	" 
John went back to the kitchen.
Sandra got the football there.
How many objects is Sandra carrying?"	one	there is no information about sandra carrying any objects. the sentence
7	5	" 
Mary picked up the apple there.
Mary dropped the milk.
How many objects is Mary carrying?"	one	mary picked up the apple, but dropped the milk. so
7	5	" 
John travelled to the hallway.
Sandra left the football.
How many objects is Mary carrying?"	one	there is no information about mary carrying any objects in this sentence
7	5	" 
John moved to the garden.
John went back to the kitchen.
How many objects is Sandra carrying?"	none	there is no information about sandra carrying any objects in this sentence
8	1	"Mary got the milk there.
John moved to the bedroom.
What is Mary carrying?"	milk	according to the context, mary got the milk there, so	0.0	0.48
8	1	" 
John picked up the football there.
John journeyed to the bathroom.
What is John carrying?"	football	according to the context, john picked up the football there,
8	1	" 
John went to the garden.
Daniel went back to the hallway.
What is John carrying?"	football	we don't have any information about john carrying anything in this
8	1	" 
John went back to the bathroom.
Mary went to the office.
Sandra went back to the kitchen.
Mary travelled to the hallway.
John travelled to the bedroom.
John picked up the apple there.
What is John carrying?"	football,apple	according to the context, john picked up the apple there,
8	1	" 
Sandra travelled to the bedroom.
Sandra journeyed to the kitchen.
What is John carrying?"	football,apple	we still don't have any information about john carrying anything in
8	2	"Daniel grabbed the milk there.
Sandra went back to the bathroom.
What is Daniel carrying?"	milk	according to the context, daniel is carrying the milk.
8	2	" 
Daniel went back to the garden.
Daniel dropped the milk.
What is Daniel carrying?"	nothing	according to the context, daniel is not carrying anything. he
8	2	" 
John travelled to the bedroom.
Sandra journeyed to the bedroom.
What is Daniel carrying?"	nothing	the context doesn't mention daniel carrying anything in this scenario.
8	2	" 
Daniel journeyed to the bedroom.
John went to the bathroom.
What is Daniel carrying?"	nothing	according to the context, daniel is not carrying anything.
8	2	" 
John travelled to the kitchen.
Sandra went to the kitchen.
Mary went back to the bedroom.
John journeyed to the office.
John moved to the garden.
John grabbed the milk there.
What is John carrying?"	milk	according to the context, john is carrying the milk.
8	3	"Mary grabbed the milk there.
Daniel moved to the bedroom.
What is Mary carrying?"	milk	according to the context, mary grabbed the milk, so mary
8	3	" 
John travelled to the bedroom.
Daniel grabbed the apple there.
What is Daniel carrying?"	apple	according to the context, daniel grabbed the apple, so daniel
8	3	" 
Daniel discarded the apple.
John went back to the garden.
What is Daniel carrying?"	nothing	according to the context, daniel discarded the apple, so daniel
8	3	" 
Daniel went back to the office.
Mary travelled to the garden.
What is Daniel carrying?"	nothing	according to the context, daniel discarded the apple, so daniel
8	3	" 
Mary journeyed to the hallway.
Daniel went to the hallway.
John went to the bathroom.
John went back to the kitchen.
Mary discarded the milk there.
Sandra grabbed the milk there.
What is Mary carrying?"	nothing	according to the context, mary discarded the milk, so mary
8	4	"Mary went to the kitchen.
Daniel took the football there.
What is Daniel carrying?"	football	the answer is: football.
8	4	" 
Daniel dropped the football.
Sandra grabbed the milk there.
What is Daniel carrying?"	nothing	the answer is: nothing, since daniel dropped the football.
8	4	" 
Mary travelled to the garden.
Daniel went back to the bedroom.
What is Sandra carrying?"	milk	the answer is: milk.
8	4	" 
Sandra discarded the milk.
Sandra grabbed the milk there.
What is Sandra carrying?"	milk	the answer is: milk.
8	4	" 
Mary moved to the bedroom.
John got the apple there.
What is Sandra carrying?"	milk	the answer is: milk.
8	5	"Sandra travelled to the garden.
Mary grabbed the milk there.
What is Mary carrying?"	milk	"mary is not carrying anything. the sentence ""mary grabbed the"
8	5	" 
John moved to the hallway.
John went back to the garden.
What is Mary carrying?"	milk	the question is asking about mary, but the context only mentions
8	5	" 
Daniel went to the hallway.
Sandra journeyed to the hallway.
What is Mary carrying?"	milk	there is no mention of mary in the given context, so
8	5	" 
Daniel took the football there.
Daniel journeyed to the bathroom.
What is Daniel carrying?"	football	according to the context, daniel is carrying the football.
8	5	" 
Daniel journeyed to the hallway.
Mary put down the milk.
What is Daniel carrying?"	football	according to the context, daniel is not carrying anything. the
9	1	"John is in the hallway.
Sandra is in the kitchen.
Is Sandra in the bedroom?"	no	"no, according to the context sentence ""sandra is in"	0.0	0.88
9	1	" 
Sandra journeyed to the bedroom.
Mary travelled to the garden.
Is Sandra in the bedroom?"	yes	"yes, according to the context sentence ""sandra journeyed"
9	1	" 
Mary went back to the bathroom.
Sandra is no longer in the bedroom.
Is Sandra in the bedroom?"	no	"no, according to the context sentence ""sandra is no"
9	1	" 
John is in the office.
Mary is not in the bathroom.
Is Mary in the bathroom?"	no	"no, according to the context sentence ""mary is not in"
9	1	" 
John is in the hallway.
Mary journeyed to the garden.
Is Mary in the kitchen?"	no	"no, according to the context sentence ""mary journeyed to"
9	2	"Mary journeyed to the office.
Mary went back to the garden.
Is Mary in the office?"	no	based on the context sentences, we know that mary went to
9	2	" 
Daniel is no longer in the kitchen.
John is no longer in the bathroom.
Is Daniel in the kitchen?"	no	based on the context sentences, we know that daniel is no
9	2	" 
John is in the garden.
Sandra travelled to the bedroom.
Is John in the garden?"	yes	yes, according to the context sentence, john is indeed in
9	2	" 
Mary travelled to the kitchen.
Sandra is not in the bedroom.
Is John in the garden?"	yes	yes, according to the context sentence, john is still in
9	2	" 
John went back to the hallway.
Daniel travelled to the bathroom.
Is Daniel in the bathroom?"	yes	yes, according to the context sentence, daniel travelled to the
9	3	"John is not in the bathroom.
Sandra is not in the bedroom.
Is John in the bathroom?"	no	according to the context sentences, the answer is: no,
9	3	" 
Mary journeyed to the garden.
Sandra is in the hallway.
Is Sandra in the hallway?"	yes	according to the context sentences, the answer is: yes,
9	3	" 
Sandra is not in the hallway.
Mary went back to the kitchen.
Is Mary in the garden?"	no	according to the context sentences, the answer is: yes,
9	3	" 
Mary is in the hallway.
Mary journeyed to the kitchen.
Is Sandra in the hallway?"	no	according to the context sentences, the answer is: no,
9	3	" 
John is in the bedroom.
Sandra is not in the garden.
Is Mary in the kitchen?"	yes	according to the context sentences, the answer is: yes,
9	4	"John moved to the hallway.
John journeyed to the office.
Is John in the bathroom?"	no	based on the context sentences, we know that john moved to
9	4	" 
Daniel went back to the office.
Sandra is no longer in the hallway.
Is Sandra in the hallway?"	no	based on the context sentences, we know that sandra is no
9	4	" 
Sandra went to the hallway.
John travelled to the garden.
Is John in the garden?"	yes	based on the context sentences, we know that john travelled to
9	4	" 
Daniel went back to the bathroom.
John travelled to the office.
Is John in the kitchen?"	no	based on the context sentences, we know that john travelled to
9	4	" 
Sandra is in the kitchen.
Sandra is no longer in the kitchen.
Is Sandra in the kitchen?"	no	based on the context sentences, we know that sandra is no
9	5	"John is no longer in the garden.
Daniel is in the hallway.
Is John in the garden?"	no	"according to the context sentence ""john is no longer in the"
9	5	" 
Mary is not in the kitchen.
Mary is in the hallway.
Is Mary in the hallway?"	yes	"yes, according to the context sentence ""mary is in the"
9	5	" 
Sandra travelled to the hallway.
Mary moved to the office.
Is Daniel in the hallway?"	yes	"according to the original context sentence ""daniel is in the hallway"
9	5	" 
Sandra is no longer in the hallway.
Mary went back to the hallway.
Is Sandra in the hallway?"	no	"no, according to the context sentence ""sandra travelled to"
9	5	" 
Sandra journeyed to the office.
Mary went back to the kitchen.
Is Mary in the kitchen?"	yes	"yes, according to the context sentence ""mary went back to"
10	1	"Mary is in the school.
Bill is in the kitchen.
Is Bill in the bedroom?"	no	the answer is: no.	0.0	0.68
10	1	" 
Bill journeyed to the bedroom.
Fred travelled to the cinema.
Is Bill in the bedroom?"	yes	the answer is: yes.
10	1	" 
Fred went back to the park.
Bill is either in the school or the office.
Is Bill in the park?"	no	the answer is: no.
10	1	" 
Mary went to the cinema.
Julie is either in the school or the office.
Is Fred in the park?"	yes	the answer is: yes.
10	1	" 
Julie is either in the park or the school.
Bill went back to the office.
Is Bill in the office?"	yes	the answer is: yes.
10	2	"Fred journeyed to the office.
Fred went back to the cinema.
Is Fred in the office?"	no	no, fred is not in the office.
10	2	" 
Julie is either in the school or the office.
Julie moved to the cinema.
Is Julie in the cinema?"	yes	yes, julie is in the cinema.
10	2	" 
Julie is either in the kitchen or the bedroom.
Julie journeyed to the school.
Is Julie in the school?"	yes	no, julie is not in the school.
10	2	" 
Bill is either in the bedroom or the school.
Bill went to the bedroom.
Is Bill in the office?"	no	no, bill is not in the office.
10	2	" 
Julie journeyed to the park.
Mary travelled to the school.
Is Julie in the park?"	yes	yes, julie is in the park.
10	3	"Bill is in the kitchen.
Julie is either in the school or the cinema.
Is Bill in the bedroom?"	no	no, bill is not in the bedroom.
10	3	" 
Fred is in the bedroom.
Bill is in the school.
Is Julie in the bedroom?"	no	we don't know. the context sentence only tells us that
10	3	" 
Julie is either in the bedroom or the office.
Fred is in the park.
Is Julie in the bedroom?"	maybe	yes, julie is in the bedroom.
10	3	" 
Fred is either in the school or the bedroom.
Mary went to the kitchen.
Is Bill in the school?"	yes	yes, bill is in the school.
10	3	" 
Julie is either in the kitchen or the bedroom.
Julie is in the school.
Is Julie in the school?"	yes	no, julie is not in the school.
10	4	"Julie journeyed to the bedroom.
Julie travelled to the park.
Is Julie in the kitchen?"	no	based on the context sentences, we can infer that julie is
10	4	" 
Fred is either in the office or the kitchen.
Julie travelled to the bedroom.
Is Julie in the bedroom?"	yes	according to the context sentences, yes, julie is in the
10	4	" 
Julie moved to the office.
Mary is either in the office or the kitchen.
Is Julie in the kitchen?"	no	since julie moved to the office, and mary is either in
10	4	" 
Bill is in the kitchen.
Bill is either in the bedroom or the park.
Is Mary in the kitchen?"	maybe	according to the context sentences, we know that bill is in
10	4	" 
Fred is either in the bedroom or the bedroom.
Julie went to the bedroom.
Is Mary in the kitchen?"	maybe	the information provided does not mention mary's location, so we
10	5	"Bill went to the kitchen.
Fred is either in the office or the park.
Is Fred in the park?"	maybe	the answer is: no.
10	5	" 
Fred went to the bedroom.
Mary is either in the school or the bedroom.
Is Fred in the school?"	no	the answer is: no.
10	5	" 
Bill is either in the office or the kitchen.
Julie is either in the kitchen or the park.
Is Fred in the bedroom?"	yes	the answer is: yes.
10	5	" 
Mary is in the park.
Mary went back to the office.
Is Mary in the kitchen?"	no	the answer is: no.
10	5	" 
Bill went back to the kitchen.
Bill journeyed to the bedroom.
Is Mary in the office?"	yes	the answer is: yes.
11	1	"John journeyed to the hallway.
After that he journeyed to the garden.
Where is John?"	garden	john is in the garden.	0.0	0.68
11	1	" 
John moved to the office.
Following that he went to the hallway.
Where is John?"	hallway	john is in the hallway.
11	1	" 
Sandra travelled to the bedroom.
Then she moved to the hallway.
Where is Sandra?"	hallway	sandra is in the hallway.
11	1	" 
Mary travelled to the hallway.
Afterwards she went to the bathroom.
Where is Sandra?"	hallway	we don't know where sandra is, because the question is
11	1	" 
John went back to the office.
After that he moved to the bathroom.
Where is Mary?"	bathroom	we don't know where mary is, because the question is
11	2	"Daniel travelled to the office.
After that he went back to the kitchen.
Where is Daniel?"	kitchen	according to the context sentences, daniel is in the office initially
11	2	" 
Daniel journeyed to the office.
After that he went to the kitchen.
Where is Daniel?"	kitchen	according to the context sentences, daniel is in the kitchen.
11	2	" 
Mary journeyed to the bathroom.
Following that she travelled to the hallway.
Where is Mary?"	hallway	according to the context sentences, mary is in the hallway.
11	2	" 
Daniel went back to the hallway.
Afterwards he went back to the garden.
Where is Daniel?"	garden	according to the context sentences, daniel is in the garden.
11	2	" 
Mary travelled to the bathroom.
Following that she went back to the kitchen.
Where is Mary?"	kitchen	according to the context sentences, mary is in the kitchen.
11	3	"John went to the hallway.
Following that he went back to the kitchen.
Where is John?"	kitchen	john is in the kitchen.
11	3	" 
Sandra travelled to the kitchen.
After that she went back to the hallway.
Where is Sandra?"	hallway	sandra is in the hallway.
11	3	" 
John travelled to the garden.
Then he went to the hallway.
Where is John?"	hallway	john is in the hallway.
11	3	" 
Daniel journeyed to the garden.
Following that he travelled to the bathroom.
Where is Daniel?"	bathroom	daniel is in the bathroom.
11	3	" 
John travelled to the kitchen.
Following that he travelled to the bathroom.
Where is Daniel?"	bathroom	we don't have any information about daniel's location. the
11	4	"Sandra moved to the office.
Afterwards she journeyed to the kitchen.
Where is Sandra?"	kitchen	according to the context sentences, sandra is in the office.
11	4	" 
Daniel went to the hallway.
Then he journeyed to the kitchen.
Where is Sandra?"	kitchen	the question is asking about sandra, but the context sentences only
11	4	" 
Sandra travelled to the hallway.
Afterwards she journeyed to the kitchen.
Where is Sandra?"	kitchen	according to the context sentences, sandra is in the kitchen.
11	4	" 
Daniel moved to the garden.
Then he went to the bedroom.
Where is Daniel?"	bedroom	according to the context sentences, daniel is in the bedroom.
11	4	" 
Sandra went to the bathroom.
Afterwards she went to the hallway.
Where is Daniel?"	bedroom	the question is asking about daniel, but the context sentences only
11	5	"Sandra journeyed to the hallway.
Then she journeyed to the kitchen.
Where is Sandra?"	kitchen	according to the context sentences, sandra is in the kitchen.
11	5	" 
Daniel travelled to the kitchen.
Afterwards he went back to the bedroom.
Where is Daniel?"	bedroom	according to the context sentences, daniel is in the bedroom.
11	5	" 
Daniel moved to the bathroom.
Then he travelled to the garden.
Where is Daniel?"	garden	according to the context sentences, daniel is in the garden.
11	5	" 
Daniel went back to the office.
After that he moved to the bathroom.
Where is Daniel?"	bathroom	according to the context sentences, daniel is in the bathroom.
11	5	" 
Mary moved to the office.
Then she moved to the bedroom.
Where is Mary?"	bedroom	there is no information about mary in the given context sentences.
12	1	"John and Mary travelled to the hallway.
Sandra and Mary journeyed to the bedroom.
Where is Mary?"	bedroom	according to the context sentences, mary is in the bedroom.	0.0	0.64
12	1	" 
Mary and Daniel travelled to the bathroom.
Daniel and Sandra journeyed to the office.
Where is Mary?"	bathroom	according to the context sentences, mary is in the bathroom.
12	1	" 
Daniel and Mary went to the bedroom.
Daniel and Sandra travelled to the hallway.
Where is Sandra?"	hallway	according to the context sentences, sandra is in the hallway.
12	1	" 
Mary and Sandra journeyed to the garden.
Sandra and Mary travelled to the hallway.
Where is Mary?"	hallway	according to the context sentences, mary is in the hallway.
12	1	" 
Daniel and John journeyed to the bathroom.
Daniel and Mary went back to the office.
Where is John?"	bathroom	according to the context sentences, john is in the bathroom.
12	2	"Daniel and Mary journeyed to the office.
Mary and Sandra went back to the bedroom.
Where is Mary?"	bedroom	based on the context sentences, mary is in the bedroom.
12	2	" 
Daniel and Sandra journeyed to the hallway.
Mary and Sandra travelled to the bathroom.
Where is Sandra?"	bathroom	based on the context sentences, sandra is in the hallway or
12	2	" 
Mary and John travelled to the kitchen.
Mary and Daniel journeyed to the bedroom.
Where is Mary?"	bedroom	based on the context sentences, mary is in the bedroom.
12	2	" 
John and Daniel moved to the office.
John and Mary moved to the hallway.
Where is Daniel?"	office	based on the context sentences, daniel is in the office.
12	2	" 
John and Mary moved to the garden.
John and Mary journeyed to the kitchen.
Where is John?"	kitchen	based on the context sentences, john is in the garden or
12	3	"Mary and Sandra went to the bathroom.
Daniel and John journeyed to the hallway.
Where is Mary?"	bathroom	according to the context sentences, mary is in the bathroom.
12	3	" 
Mary and John moved to the bedroom.
John and Sandra travelled to the office.
Where is John?"	office	according to the context sentences, john is in the bedroom.
12	3	" 
Sandra and Mary journeyed to the kitchen.
Mary and Daniel moved to the office.
Where is Daniel?"	office	according to the context sentences, daniel is in the office.
12	3	" 
John and Sandra travelled to the garden.
Mary and Daniel moved to the hallway.
Where is Sandra?"	garden	according to the context sentences, sandra is in the garden.
12	3	" 
Mary and Sandra went to the bathroom.
Sandra and Mary moved to the hallway.
Where is Mary?"	hallway	according to the context sentences, mary is in the hallway.
12	4	"Sandra and Mary moved to the bathroom.
Sandra and John went to the hallway.
Where is Mary?"	bathroom	according to the context sentences, mary was initially mentioned as being
12	4	" 
Mary and Sandra journeyed to the kitchen.
Mary and John journeyed to the garden.
Where is Sandra?"	kitchen	according to the context sentences, sandra was initially mentioned as being
12	4	" 
Mary and Sandra travelled to the bathroom.
Daniel and Sandra went to the garden.
Where is Sandra?"	garden	according to the context sentences, sandra was initially mentioned as being
12	4	" 
John and Sandra went to the office.
Daniel and John went to the bathroom.
Where is Daniel?"	bathroom	according to the context sentences, daniel was not mentioned as being
12	4	" 
Mary and Daniel went back to the bedroom.
John and Daniel travelled to the hallway.
Where is Daniel?"	hallway	according to the context sentences, daniel is in the bedroom.
12	5	"Sandra and John went to the garden.
Mary and John moved to the kitchen.
Where is John?"	kitchen	according to the context sentences, john is in the kitchen.
12	5	" 
John and Daniel travelled to the hallway.
John and Mary went back to the garden.
Where is Daniel?"	hallway	according to the context sentences, we don't have any information
12	5	" 
Sandra and Mary moved to the office.
Mary and Daniel journeyed to the kitchen.
Where is Daniel?"	kitchen	according to the context sentences, daniel is in the kitchen.
12	5	" 
John and Daniel moved to the bathroom.
Mary and Sandra travelled to the garden.
Where is Mary?"	garden	according to the context sentences, mary is in the garden.
12	5	" 
John and Daniel journeyed to the hallway.
John and Sandra moved to the office.
Where is Sandra?"	office	according to the context sentences, sandra is in the office.
13	1	"John and Mary went back to the hallway.
Then they went to the bathroom.
Where is John?"	bathroom	according to the context, john is in the bathroom.	0.0	0.44
13	1	" 
Mary and John moved to the hallway.
Following that they moved to the kitchen.
Where is John?"	kitchen	according to the context, john is in the kitchen.
13	1	" 
Daniel and Sandra went to the office.
Following that they went back to the kitchen.
Where is John?"	kitchen	there is no mention of john in this context. the context
13	1	" 
John and Daniel journeyed to the office.
Following that they travelled to the hallway.
Where is Sandra?"	kitchen	there is no mention of sandra's current location in this context
13	1	" 
Mary and Sandra travelled to the garden.
After that they went back to the kitchen.
Where is Sandra?"	kitchen	according to the context, sandra is in the kitchen.
13	2	"Daniel and John went back to the kitchen.
Following that they went back to the hallway.
Where is Daniel?"	hallway	based on the context sentences, we know that daniel and john
13	2	" 
Sandra and Mary travelled to the office.
Following that they travelled to the hallway.
Where is Mary?"	hallway	based on the context sentences, we know that sandra and mary
13	2	" 
Mary and Sandra travelled to the bedroom.
Then they travelled to the office.
Where is Mary?"	office	based on the context sentences, we know that mary and sandra
13	2	" 
Daniel and Sandra travelled to the garden.
After that they journeyed to the hallway.
Where is Daniel?"	hallway	based on the context sentences, we know that daniel and sandra
13	2	" 
Mary and Sandra went back to the garden.
Then they moved to the hallway.
Where is Sandra?"	hallway	based on the context sentences, we know that mary and sandra
13	3	"Mary and Daniel moved to the bedroom.
Afterwards they journeyed to the kitchen.
Where is Daniel?"	kitchen	according to the context sentences, it is not explicitly stated where
13	3	" 
Daniel and Sandra went to the hallway.
Following that they journeyed to the garden.
Where is Daniel?"	garden	according to the context sentences, daniel is in the garden.
13	3	" 
John and Mary travelled to the hallway.
Then they went to the bathroom.
Where is Mary?"	bathroom	according to the context sentences, mary is in the bathroom.
13	3	" 
Mary and John journeyed to the hallway.
Then they travelled to the garden.
Where is Mary?"	garden	according to the context sentences, mary is in the garden.
13	3	" 
Sandra and Mary moved to the office.
Then they travelled to the garden.
Where is Mary?"	garden	according to the context sentences, mary is in the garden.
13	4	"Daniel and Mary went back to the hallway.
Following that they went to the bathroom.
Where is Mary?"	bathroom	according to the context sentences, mary was previously mentioned to be
13	4	" 
John and Mary travelled to the kitchen.
After that they moved to the garden.
Where is Mary?"	garden	according to the context sentences, mary is currently in the garden
13	4	" 
Mary and Sandra went to the office.
Following that they travelled to the bedroom.
Where is Mary?"	bedroom	according to the context sentences, mary is currently in the bedroom
13	4	" 
Sandra and Mary went back to the kitchen.
Following that they travelled to the bedroom.
Where is Sandra?"	bedroom	according to the context sentences, sandra is currently in the bedroom
13	4	" 
Daniel and Mary moved to the kitchen.
Following that they journeyed to the office.
Where is Daniel?"	office	according to the context sentences, daniel is currently in the office
13	5	"Mary and John went to the hallway.
Afterwards they travelled to the bedroom.
Where is Mary?"	bedroom	according to the context sentences, mary's last known location was
13	5	" 
Daniel and Mary went back to the garden.
Afterwards they travelled to the hallway.
Where is Daniel?"	hallway	there is no mention of daniel in the original context sentences.
13	5	" 
Daniel and Sandra moved to the kitchen.
Afterwards they moved to the bathroom.
Where is Daniel?"	bathroom	there is no mention of daniel in the original context sentences.
13	5	" 
Sandra and Mary went back to the office.
Following that they moved to the bathroom.
Where is Mary?"	bathroom	according to the context sentences, mary's last known location was
13	5	" 
John and Mary moved to the kitchen.
After that they went to the bathroom.
Where is John?"	bathroom	according to the context sentences, john's last known location was
14	1	"This morning Mary moved to the kitchen.
This afternoon Mary moved to the cinema.
Yesterday Bill went to the bedroom.
Yesterday Mary journeyed to the school.
Where was Mary before the cinema?"	kitchen	according to the context sentences, mary was in the kitchen before	0.0	0.44
14	1	" 
Yesterday Fred went back to the cinema.
Bill journeyed to the office this morning.
Where was Bill before the office?"	bedroom	according to the context sentences, bill was in the bedroom before
14	1	" 
Mary went to the school this evening.
This afternoon Bill journeyed to the kitchen.
Where was Bill before the office?"	bedroom	according to the context sentences, bill was in the bedroom before
14	1	" 
Julie went to the office yesterday.
This morning Fred journeyed to the office.
Where was Mary before the school?"	cinema	according to the context sentences, mary was in the school before
14	1	" 
This evening Fred journeyed to the school.
This afternoon Fred journeyed to the bedroom.
Where was Mary before the school?"	cinema	according to the context sentences, mary was in the cinema before
14	2	"Julie went back to the school yesterday.
Fred journeyed to the cinema yesterday.
Bill went back to the school this morning.
Yesterday Bill travelled to the bedroom.
Where was Bill before the school?"	bedroom	according to the context sentences, bill went back to the school
14	2	" 
Mary travelled to the cinema this morning.
Yesterday Mary moved to the office.
Where was Mary before the cinema?"	office	according to the context sentences, mary travelled to the cinema this
14	2	" 
This morning Fred journeyed to the park.
This afternoon Mary moved to the kitchen.
Where was Mary before the cinema?"	office	according to the context sentences, we don't have any information
14	2	" 
Bill moved to the bedroom this afternoon.
This morning Julie travelled to the office.
Where was Julie before the office?"	school	according to the context sentences, julie went back to the school
14	2	" 
This afternoon Julie went to the kitchen.
This evening Mary moved to the school.
Where was Julie before the office?"	school	according to the context sentences, julie travelled to the office
14	3	"Fred travelled to the kitchen yesterday.
Julie journeyed to the park yesterday.
Mary journeyed to the park yesterday.
This morning Mary journeyed to the cinema.
Where was Mary before the cinema?"	park	according to the context sentences, mary was in the park before
14	3	" 
Mary moved to the kitchen this evening.
This afternoon Mary moved to the office.
Where was Mary before the office?"	cinema	according to the context sentences, mary was in the cinema before
14	3	" 
This morning Fred went to the bedroom.
This morning Julie went to the bedroom.
Where was Julie before the bedroom?"	park	according to the context sentences, julie was not mentioned to be
14	3	" 
Julie travelled to the kitchen this afternoon.
Yesterday Bill journeyed to the office.
Where was Julie before the bedroom?"	park	according to the context sentences, julie was not mentioned to be
14	3	" 
Fred travelled to the bedroom this evening.
Fred moved to the cinema this afternoon.
Where was Fred before the bedroom?"	cinema	according to the context sentences, fred was in the cinema before
14	4	"This morning Fred journeyed to the cinema.
Yesterday Fred went back to the office.
Yesterday Julie travelled to the office.
This morning Julie travelled to the bedroom.
Where was Julie before the bedroom?"	office	according to the context sentences, julie travelled to the office yesterday
14	4	" 
Mary went to the park yesterday.
Yesterday Bill went back to the cinema.
Where was Fred before the cinema?"	office	according to the context sentences, we don't have any information
14	4	" 
Mary journeyed to the office this afternoon.
Mary moved to the bedroom this morning.
Where was Fred before the cinema?"	office	according to the context sentences, we don't have any information
14	4	" 
Fred journeyed to the office this evening.
Fred travelled to the kitchen this afternoon.
Where was Mary before the office?"	bedroom	according to the context sentences, mary journeyed to the office
14	4	" 
This evening Julie moved to the office.
Julie journeyed to the kitchen this afternoon.
Where was Julie before the kitchen?"	bedroom	according to the context sentences, julie journeyed to the kitchen
14	5	"Mary went back to the kitchen this morning.
Mary travelled to the school yesterday.
Where was Mary before the kitchen?"	school	according to the context, mary was not in the kitchen before
14	5	" 
Yesterday Fred travelled to the bedroom.
Yesterday Bill moved to the park.
Where was Mary before the kitchen?"	school	the context sentences provided earlier mentioned that mary went back to the
14	5	" 
This afternoon Bill went back to the park.
Bill went to the school this morning.
Where was Bill before the park?"	school	according to the context, bill was at the school before going
14	5	" 
Bill travelled to the office this evening.
This afternoon Mary journeyed to the cinema.
Where was Bill before the park?"	school	according to the previous context, bill was at the school before
14	5	" 
This evening Mary journeyed to the kitchen.
Julie went back to the office yesterday.
Where was Mary before the kitchen?"	cinema	according to the previous context, mary went back to the kitchen
15	1	"Wolves are afraid of mice.
Sheep are afraid of mice.
Winona is a sheep.
Mice are afraid of cats.
Cats are afraid of wolves.
Jessica is a mouse.
Emily is a cat.
Gertrude is a wolf.
What is emily afraid of?"	wolf	according to the context sentences, emily is a cat, and	0.0	0.05
15	1	"
What is winona afraid of?"	mouse	according to the context sentences, winona is a sheep,
15	1	"
What is gertrude afraid of?"	mouse	according to the context sentences, gertrude is a wolf
15	1	"
What is jessica afraid of?"	cat	according to the context sentences, jessica is a mouse, and
15	2	"Cats are afraid of wolves.
Mice are afraid of cats.
Sheep are afraid of mice.
Gertrude is a cat.
Wolves are afraid of sheep.
Jessica is a mouse.
Emily is a wolf.
Winona is a cat.
What is emily afraid of?"	sheep	according to the context sentences, emily is a wolf, and
15	2	"
What is emily afraid of?"	sheep	according to the context sentences, emily is a wolf, and
15	2	"
What is jessica afraid of?"	cat	according to the context sentences, jessica is a mouse, and
15	2	"
What is gertrude afraid of?"	wolf	according to the context sentences, gertrude is a cat
15	3	"Cats are afraid of wolves.
Winona is a cat.
Emily is a cat.
Mice are afraid of wolves.
Wolves are afraid of mice.
Sheep are afraid of cats.
Gertrude is a mouse.
Jessica is a mouse.
What is gertrude afraid of?"	wolf	according to the context sentences, gertrude is a mouse
15	3	"
What is emily afraid of?"	wolf	according to the context sentences, emily is a cat, and
15	3	"
What is gertrude afraid of?"	wolf	according to the context sentences, wolves are afraid of mice,
15	3	"
What is emily afraid of?"	wolf	according to the context sentences, sheep are afraid of cats,
15	4	"Mice are afraid of wolves.
Wolves are afraid of mice.
Cats are afraid of sheep.
Jessica is a cat.
Emily is a cat.
Winona is a mouse.
Sheep are afraid of wolves.
Gertrude is a sheep.
What is gertrude afraid of?"	wolf	according to the context sentences, sheep are afraid of wolves.
15	4	"
What is winona afraid of?"	wolf	according to the context sentences, wolves are afraid of mice.
15	4	"
What is gertrude afraid of?"	wolf	according to the context sentences, sheep are afraid of wolves.
15	4	"
What is gertrude afraid of?"	wolf	according to the context sentences, sheep are afraid of wolves.
15	5	"Sheep are afraid of cats.
Jessica is a sheep.
Mice are afraid of sheep.
Cats are afraid of sheep.
Wolves are afraid of mice.
Emily is a sheep.
Gertrude is a sheep.
Winona is a mouse.
What is winona afraid of?"	sheep	according to the context, winona is a mouse, and
15	5	"
What is jessica afraid of?"	cat	according to the context, jessica is a sheep, and sheep
15	5	"
What is gertrude afraid of?"	cat	according to the context, gertrude is a sheep,
15	5	"
What is gertrude afraid of?"	cat	according to the context, cats are afraid of sheep, so
16	1	"Lily is a swan.
Bernhard is a lion.
Greg is a swan.
Bernhard is white.
Brian is a lion.
Lily is gray.
Julius is a rhino.
Julius is gray.
Greg is gray.
What color is Brian?"	white	according to the context sentences, bernhard is a lion and	0.0	0.0
16	2	"Lily is a rhino.
Brian is a swan.
Bernhard is a swan.
Lily is gray.
Brian is white.
Bernhard is white.
Julius is a frog.
Julius is white.
Greg is a frog.
What color is Greg?"	white	according to the context sentences, greg is a frog, and
16	3	"Bernhard is a rhino.
Brian is a rhino.
Bernhard is white.
Brian is white.
Lily is a lion.
Lily is yellow.
Greg is a rhino.
Greg is green.
Julius is a rhino.
What color is Julius?"	green	based on the context sentences, julius is a rhino,
16	4	"Greg is a frog.
Bernhard is a swan.
Julius is a frog.
Bernhard is white.
Julius is green.
Lily is a frog.
Brian is a frog.
Lily is gray.
Brian is gray.
What color is Greg?"	gray	we don't have any information about greg's color in the
16	5	"Julius is a swan.
Julius is gray.
Bernhard is a swan.
Bernhard is yellow.
Brian is a lion.
Greg is a lion.
Brian is white.
Lily is a frog.
Lily is gray.
What color is Greg?"	white	according to the context sentences, brian is a lion and brian
17	1	"The pink rectangle is to the left of the triangle.
The triangle is to the left of the red square.
Is the pink rectangle to the right of the red square?"	no	based on the context sentences, we can deduce the following	0.0	0.1
17	1	"
Is the pink rectangle to the left of the red square?"	yes	"according to the context sentences:

""the pink rectangle is to the"
17	1	"
Is the pink rectangle to the left of the red square?"	yes	"according to the context sentences:

""the pink rectangle is to the"
17	1	"
Is the pink rectangle to the left of the red square?"	yes	"according to the context sentences:

""the pink rectangle is to the"
17	1	"
Is the pink rectangle to the right of the red square?"	no	"according to the context sentences:

""the pink rectangle is to the"
17	1	"
Is the red square to the right of the pink rectangle?"	yes	"according to the context sentences:

""the triangle is to the left"
17	1	"
Is the pink rectangle to the left of the red square?"	yes	"according to the context sentences:

""the pink rectangle is to the"
17	1	"
Is the pink rectangle to the left of the red square?"	yes	"according to the context sentences:

""the pink rectangle is to the"
17	2	"The red square is below the blue square.
The red square is to the left of the pink rectangle.
Is the blue square below the pink rectangle?"	no	based on the context sentences, we can infer that the blue
17	2	"
Is the pink rectangle to the left of the blue square?"	no	according to the context sentences, the red square is to the
17	2	"
Is the blue square to the left of the pink rectangle?"	yes	according to the context sentences, the red square is to the
17	2	"
Is the pink rectangle to the left of the blue square?"	no	according to the context sentences, the red square is to the
17	2	"
Is the pink rectangle above the blue square?"	no	we can't determine the position of the pink rectangle relative to
17	2	"
Is the pink rectangle to the left of the blue square?"	no	according to the context sentences, the red square is to the
17	2	"
Is the pink rectangle above the blue square?"	no	we can't determine the position of the pink rectangle relative to
17	2	"
Is the blue square above the pink rectangle?"	yes	according to the context sentences, we know that the red square
17	3	"The pink rectangle is to the left of the triangle.
The triangle is below the red sphere.
Is the red sphere above the pink rectangle?"	yes	according to the context sentences, we know that the triangle is
17	3	"
Is the pink rectangle below the red sphere?"	yes	according to the context sentences, we know that the triangle is
17	3	"
Is the red sphere below the pink rectangle?"	no	according to the context sentences, we know that the triangle is
17	3	"
Is the pink rectangle below the red sphere?"	yes	according to the context sentences, we know that the triangle is
17	3	"
Is the pink rectangle above the red sphere?"	no	according to the context sentences, we know that the triangle is
17	3	"
Is the red sphere to the left of the pink rectangle?"	no	according to the context sentences, we know that the pink rectangle
17	3	"
Is the red sphere below the pink rectangle?"	no	according to the context sentences, we know that the triangle is
17	3	"
Is the pink rectangle below the red sphere?"	yes	according to the context sentences, we know that the triangle is
17	4	"The triangle is above the blue square.
The triangle is below the red square.
Is the blue square below the red square?"	yes	based on the context sentences, we can infer that the blue
17	4	"
Is the blue square below the red square?"	yes	according to the context sentences, the triangle is above the blue
17	4	"
Is the red square above the blue square?"	yes	according to the context sentences, the triangle is below the red
17	4	"
Is the blue square to the right of the red square?"	no	we can't determine the position of the blue square relative to
17	4	"
Is the blue square to the left of the red square?"	no	we can't determine the position of the blue square relative to
17	4	"
Is the red square below the blue square?"	no	according to the context sentences, the triangle is below the red
17	4	"
Is the blue square to the right of the red square?"	no	according to the context sentences, the triangle is above the blue
17	4	"
Is the red square below the blue square?"	no	according to the context sentences, the triangle is below the red
17	5	"The red square is below the triangle.
The pink rectangle is to the left of the red square.
Is the triangle above the pink rectangle?"	yes	based on the context sentences, we can infer that the triangle
17	5	"
Is the pink rectangle below the triangle?"	yes	according to the context sentences, the red square is below the
17	5	"
Is the triangle to the right of the pink rectangle?"	yes	according to the context sentences, the pink rectangle is to the
17	5	"
Is the triangle below the pink rectangle?"	no	according to the context sentences, the red square is below the
17	5	"
Is the pink rectangle above the triangle?"	no	according to the context sentences, the red square is below the
17	5	"
Is the pink rectangle below the triangle?"	yes	according to the context sentences, the red square is below the
17	5	"
Is the pink rectangle to the right of the triangle?"	no	according to the context sentences, the pink rectangle is to the
17	5	"
Is the pink rectangle below the triangle?"	yes	according to the context sentences, the red square is below the
18	1	"The suitcase fits inside the box.
The chocolate fits inside the box.
The container is bigger than the box of chocolates.
The container is bigger than the suitcase.
The box is bigger than the box of chocolates.
The container is bigger than the chocolate.
The chocolate fits inside the container.
The chocolate fits inside the suitcase.
The chocolate fits inside the chest.
The suitcase fits inside the container.
Does the box fit in the chocolate?"	no	based on the context sentences, we can conclude that the box	0.0	0.6
18	1	"
Is the chocolate bigger than the box?"	no	according to the context sentences, the chocolate fits inside the box
18	1	"
Does the box fit in the chocolate?"	no	no, the context sentences indicate that the chocolate fits inside the
18	1	"
Does the box fit in the chocolate?"	no	no, according to the context sentences, the chocolate fits inside
18	1	"
Is the chocolate bigger than the box?"	no	no, according to the context sentences, the chocolate fits inside
18	2	"The box fits inside the chest.
The chocolate fits inside the box.
The container is bigger than the chocolate.
The box of chocolates fits inside the chest.
The suitcase is bigger than the container.
Is the chocolate bigger than the chest?"	no	no, the chocolate is not bigger than the chest.
18	2	"
Is the chocolate bigger than the chest?"	no	no, the chocolate is not bigger than the chest.
18	2	"
Does the chest fit in the chocolate?"	no	no, the chest does not fit in the chocolate.
18	2	"
Is the chest bigger than the chocolate?"	yes	yes, the chest is bigger than the chocolate.
18	2	"
Does the suitcase fit in the chocolate?"	no	no, the suitcase does not fit in the chocolate.
18	3	"The box is bigger than the suitcase.
The suitcase fits inside the container.
The box of chocolates fits inside the container.
The container fits inside the chest.
The chocolate fits inside the suitcase.
Is the chest bigger than the suitcase?"	yes	"based on the context sentences, we can infer the following:

"
18	3	"
Does the suitcase fit in the chest?"	yes	according to the context sentences, the container fits inside the chest
18	3	"
Is the chest bigger than the suitcase?"	yes	yes, the chest is bigger than the suitcase, as the
18	3	"
Does the suitcase fit in the chest?"	yes	according to the context sentences, the container fits inside the chest
18	3	"
Is the chocolate bigger than the box?"	no	no, the box is bigger than the chocolate.
18	4	"The suitcase is bigger than the box of chocolates.
The container fits inside the suitcase.
The suitcase is bigger than the chocolate.
The suitcase is bigger than the box.
The box is bigger than the box of chocolates.
Is the suitcase bigger than the box of chocolates?"	yes	according to the context sentences, the answer is: yes,
18	4	"
Does the box of chocolates fit in the suitcase?"	yes	according to the context sentences, the answer is: yes,
18	4	"
Does the suitcase fit in the box of chocolates?"	no	according to the context sentences, the answer is: no,
18	4	"
Does the suitcase fit in the box of chocolates?"	no	according to the context sentences, the answer is: no,
18	4	"
Is the suitcase bigger than the box of chocolates?"	yes	according to the context sentences, the answer is: yes,
18	5	"The container is bigger than the suitcase.
The chest fits inside the box.
The chest is bigger than the box of chocolates.
The box is bigger than the chocolate.
The container is bigger than the suitcase.
Is the box bigger than the box of chocolates?"	yes	"according to the context sentences, we can infer that:

*"
18	5	"
Does the box of chocolates fit in the box?"	yes	according to the context sentences, we can infer that the chest
18	5	"
Does the box of chocolates fit in the box?"	yes	according to the context sentences, we can infer that the box
18	5	"
Does the box fit in the box of chocolates?"	no	according to the context sentences, we can infer that the box
18	5	"
Is the box bigger than the box of chocolates?"	yes	according to the context sentences, we can infer that the box
19	1	"The garden is west of the bathroom.
The bedroom is north of the hallway.
The office is south of the hallway.
The bathroom is north of the bedroom.
The kitchen is east of the bedroom.
How do you go from the bathroom to the hallway?"	s,s	according to the context sentences, the bathroom is north of the	0.0	0.0
19	2	"The hallway is west of the bathroom.
The office is south of the bedroom.
The garden is north of the bedroom.
The kitchen is east of the bedroom.
The hallway is east of the kitchen.
How do you go from the bedroom to the hallway?"	e,e	according to the context sentences, you can go from the bedroom
19	3	"The garden is west of the hallway.
The kitchen is west of the garden.
The garden is north of the bathroom.
The bedroom is east of the bathroom.
The hallway is west of the office.
How do you go from the bathroom to the hallway?"	n,e	according to the context sentences, the bathroom is north of the
19	4	"The hallway is south of the bathroom.
The kitchen is west of the garden.
The kitchen is south of the bedroom.
The office is north of the bedroom.
The bedroom is east of the bathroom.
How do you go from the kitchen to the bathroom?"	n,w	according to the given information, the kitchen is south of the
19	5	"The bedroom is east of the bathroom.
The hallway is east of the bedroom.
The kitchen is west of the garden.
The office is south of the bedroom.
The office is north of the kitchen.
How do you go from the bedroom to the kitchen?"	s,s	according to the given information, the bedroom is east of the
20	1	"Jason is thirsty.
Where will jason go?"	kitchen	based on the context sentence, it seems likely that jason will	0.0	0.26
20	1	"
Antoine is bored.
Where will antoine go?"	garden	based on the context sentence, it seems likely that antoine will
20	1	"
Jason went to the kitchen.
Why did jason go to the kitchen?"	thirsty	based on the context, it's likely that jason went to
20	1	"
Antoine journeyed to the garden.
Why did antoine go to the garden?"	bored	based on the context, it's not explicitly stated why antoine
20	1	"
Sumit is hungry.
Where will sumit go?"	kitchen	based on the context, it seems likely that sumit will
20	1	"
Antoine grabbed the football there.
Why did antoine get the football?"	bored	based on the context, it's not explicitly stated why antoine
20	1	"
Sumit went to the kitchen.
Why did sumit go to the kitchen?"	hungry	based on the context, it's likely that sumit went
20	1	"
Jason took the milk there.
Why did jason get the milk?"	thirsty	based on the context, it's likely that jason got the
20	1	"
Sumit took the apple there.
Why did sumit get the apple?"	hungry	based on the context, it's not explicitly stated why sum
20	1	"
Yann is thirsty.
Where will yann go?"	kitchen	based on the context, it seems likely that yann will
20	1	"
Yann travelled to the kitchen.
Why did yann go to the kitchen?"	thirsty	based on the context, it's likely that yann went
20	2	"Yann is thirsty.
Where will yann go?"	kitchen	"based on the context sentence ""yann is thirsty"", i"
20	2	"
Yann journeyed to the kitchen.
Why did yann go to the kitchen?"	thirsty	"based on the context sentence ""yann is thirsty"" and"
20	2	"
Yann took the milk there.
Why did yann get the milk?"	thirsty	"based on the context sentences ""yann is thirsty"" and"
20	2	"
Jason is hungry.
Where will jason go?"	kitchen	"based on the context sentence ""jason is hungry"", i would"
20	2	"
Antoine is bored.
Where will antoine go?"	garden	"based on the context sentence ""antoine is bored"", i"
20	2	"
Antoine went back to the garden.
Why did antoine go to the garden?"	bored	"based on the context sentence ""antoine is bored"", i"
20	2	"
Sumit is hungry.
Where will sumit go?"	kitchen	"based on the context sentence ""sumit is hungry"", i"
20	2	"
Jason travelled to the kitchen.
Why did jason go to the kitchen?"	hungry	"based on the context sentence ""jason is hungry"" (from"
20	2	"
Sumit went to the kitchen.
Why did sumit go to the kitchen?"	hungry	"based on the context sentence ""sumit is hungry"" ("
20	2	"
Jason grabbed the apple there.
Why did jason get the apple?"	hungry	"based on the context sentences ""jason is hungry"" and """
20	2	"
Antoine grabbed the football there.
Why did antoine get the football?"	bored	"based on the context sentence ""antoine is bored"" ("
20	3	"Antoine is thirsty.
Where will antoine go?"	kitchen	"based on the context sentence ""antoine is thirsty"", i"
20	3	"
Sumit is hungry.
Where will sumit go?"	kitchen	"based on the context sentence ""sumit is hungry"", i"
20	3	"
Jason is bored.
Where will jason go?"	garden	"based on the context sentence ""jason is bored"", i would"
20	3	"
Yann is tired.
Where will yann go?"	bedroom	"based on the context sentence ""yann is tired"", i"
20	3	"
Yann travelled to the bedroom.
Why did yann go to the bedroom?"	tired	based on the context, i would infer that yann went
20	3	"
Jason went to the garden.
Why did jason go to the garden?"	bored	based on the context, i would infer that jason went to
20	3	"
Antoine travelled to the kitchen.
Why did antoine go to the kitchen?"	thirsty	based on the context, i would infer that antoine went to
20	3	"
Antoine took the milk there.
Why did antoine get the milk?"	thirsty	based on the context, i would infer that antoine got the
20	3	"
Sumit moved to the kitchen.
Why did sumit go to the kitchen?"	hungry	based on the context, i would infer that sumit went
20	3	"
Sumit grabbed the apple there.
Why did sumit get the apple?"	hungry	based on the context, i would infer that sumit got
20	3	"
Yann got the pajamas there.
Why did yann get the pajamas?"	tired	based on the context, i would infer that yann got
20	3	"
Jason grabbed the football there.
Why did jason get the football?"	bored	based on the context, i would infer that jason got
20	4	"Yann is thirsty.
Where will yann go?"	kitchen	"based on the context sentence ""yann is thirsty"", i"
20	4	"
Yann travelled to the kitchen.
Why did yann go to the kitchen?"	thirsty	"based on the context sentences ""yann is thirsty"" and"
20	4	"
Yann took the milk there.
Why did yann get the milk?"	thirsty	"based on the context sentences ""yann is thirsty"" and"
20	4	"
Sumit is bored.
Where will sumit go?"	garden	"based on the context sentence ""sumit is bored"", i"
20	4	"
Jason is hungry.
Where will jason go?"	kitchen	"based on the context sentence ""jason is hungry"", i"
20	4	"
Jason journeyed to the kitchen.
Why did jason go to the kitchen?"	hungry	"based on the context sentence ""jason is hungry"", i"
20	4	"
Sumit journeyed to the garden.
Why did sumit go to the garden?"	bored	"based on the context sentence ""sumit is bored"", i"
20	4	"
Sumit took the football there.
Why did sumit get the football?"	bored	"based on the context sentence ""sumit is bored"", i"
20	4	"
Jason took the apple there.
Why did jason get the apple?"	hungry	"based on the context sentence ""jason is hungry"", i"
20	4	"
Antoine is tired.
Where will antoine go?"	bedroom	"based on the context sentence ""antoine is tired"", i"
20	4	"
Antoine went back to the bedroom.
Why did antoine go to the bedroom?"	tired	"based on the context sentence ""antoine is tired"", i"
20	4	"
Antoine picked up the pajamas there.
Why did antoine get the pajamas?"	tired	"based on the context sentence ""antoine is tired"", i"
20	5	"Sumit is bored.
Where will sumit go?"	garden	"based on the context sentence ""sumit is bored"", it"
20	5	"
Antoine is hungry.
Where will antoine go?"	kitchen	"based on the context sentence ""antoine is hungry"", it"
20	5	"
Yann is bored.
Where will yann go?"	garden	"based on the context sentence ""yann is bored"", it"
20	5	"
Sumit journeyed to the garden.
Why did sumit go to the garden?"	bored	"based on the new context sentence ""sumit journeyed to"
20	5	"
Jason is hungry.
Where will jason go?"	kitchen	"based on the context sentence ""jason is hungry"", it"
20	5	"
Sumit picked up the football there.
Why did sumit get the football?"	bored	"based on the new context sentence ""sumit picked up the"
20	5	"
Antoine travelled to the kitchen.
Why did antoine go to the kitchen?"	hungry	"based on the context sentence ""antoine travelled to the kitchen"
20	5	"
Yann went to the garden.
Why did yann go to the garden?"	bored	"based on the context sentence ""yann went to the garden"
20	5	"
Jason went to the kitchen.
Why did jason go to the kitchen?"	hungry	"based on the context sentence ""jason went to the kitchen"","
20	5	"
Antoine took the apple there.
Why did antoine get the apple?"	hungry	"based on the new context sentence ""antoine took the apple"
					0.0	0.0
